Species Name;Taxon Concept;Taxon Rank;Kingdom;Phylum;Class;Order;Family;Genus;Vernacular Name;Number of records
Acarospora fuscata;(Schrad.) Th. Fr.;SPECIES;Fungi;Ascomycota;Lecanoromycetes;Acarosporales;Acarosporaceae;Acarospora;Acarospora fuscata;1
Acarospora privigna;(Ach.) A. Schneid.;SPECIES;Fungi;Ascomycota;Lecanoromycetes;Acarosporales;Acarosporaceae;;Acarospora privigna;1
Acarospora sinopica;(Wahlenb.) KÃ¶rb.;SPECIES;Fungi;Ascomycota;Lecanoromycetes;Acarosporales;Acarosporaceae;Acarospora;Acarospora sinopica;1
Accipiter nisus;(Linnaeus, 1758);SPECIES;Animalia;Chordata;Aves;Accipitriformes;Accipitridae;Accipiter;Accipiter nisus;1
Acer pseudoplatanus;L.;SPECIES;Plantae;Tracheophyta;Magnoliopsida;Sapindales;Sapindaceae;Acer;Acer pseudoplatanus;6
Achillea millefolium;L.;SPECIES;Plantae;Tracheophyta;Magnoliopsida;Asterales;Asteraceae;Achillea;Achillea millefolium;3
Aeshna juncea;(Linnaeus, 1758);SPECIES;Animalia;Arthropoda;Insecta;Odonata;Aeshnidae;Aeshna;Aeshna juncea;2
Aglais urticae;(Linnaeus, 1758);SPECIES;Animalia;Arthropoda;Insecta;Lepidoptera;Nymphalidae;Aglais;Aglais urticae;3
Agonimia tristicula;(Nyl.) Zahlbr.;SPECIES;Fungi;Ascomycota;Eurotiomycetes;Verrucariales;Verrucariaceae;Agonimia;Agonimia tristicula;1
Agrostis capillaris;L.;SPECIES;Plantae;Tracheophyta;Magnoliopsida;Poales;Poaceae;Agrostis;Agrostis capillaris;5
Agrostis stolonifera;L.;SPECIES;Plantae;Tracheophyta;Magnoliopsida;Poales;Poaceae;Agrostis;Agrostis stolonifera;3
Agrostis vinealis;Schreb.;SPECIES;Plantae;Tracheophyta;Magnoliopsida;Poales;Poaceae;Agrostis;Agrostis vinealis;3
Aira praecox;L.;SPECIES;Plantae;Tracheophyta;Magnoliopsida;Poales;Poaceae;Aira;Aira praecox;2
Ajuga reptans;L.;SPECIES;Plantae;Tracheophyta;Magnoliopsida;Lamiales;Lamiaceae;Ajuga;Ajuga reptans;4
Allium ursinum;L.;SPECIES;Plantae;Tracheophyta;Magnoliopsida;Asparagales;Amaryllidaceae;Allium;Allium ursinum;1
Alnus glutinosa;(L.) Gaertn.;SPECIES;Plantae;Tracheophyta;Magnoliopsida;Fagales;Betulaceae;Alnus;Alnus glutinosa;2
Anacaena globulus;(Paykull, 1798);SPECIES;Animalia;Arthropoda;Insecta;Coleoptera;Hydrophilidae;Anacaena;Anacaena globulus;1
Anas platyrhynchos;Linnaeus, 1758;SPECIES;Animalia;Chordata;Aves;Anseriformes;Anatidae;Anas;Anas platyrhynchos;1
Andreaea megistospora;B.M.Murray;SPECIES;Plantae;Bryophyta;Andreaeopsida;Andreaeales;Andreaeaceae;Andreaea;Andreaea megistospora;1
Anemone nemorosa;L.;SPECIES;Plantae;Tracheophyta;Magnoliopsida;Ranunculales;Ranunculaceae;Anemone;Anemone nemorosa;2
Angelica sylvestris;L.;SPECIES;Plantae;Tracheophyta;Magnoliopsida;Apiales;Apiaceae;Angelica;Angelica sylvestris;7
Anguilla anguilla;(Linnaeus, 1758);SPECIES;Animalia;Chordata;Actinopterygii;Anguilliformes;Anguillidae;Anguilla;Anguilla anguilla;1
Antennaria dioica;(L.) Gaertn.;SPECIES;Plantae;Tracheophyta;Magnoliopsida;Asterales;Asteraceae;Antennaria;Antennaria dioica;1
Anthoxanthum odoratum;L.;SPECIES;Plantae;Tracheophyta;Magnoliopsida;Poales;Poaceae;Anthoxanthum;Anthoxanthum odoratum;8
Anthus pratensis;(Linnaeus, 1758);SPECIES;Animalia;Chordata;Aves;Passeriformes;Motacillidae;Anthus;Anthus pratensis;3
Arctostaphylos uva-ursi;(L.) Spreng.;SPECIES;Plantae;Tracheophyta;Magnoliopsida;Ericales;Ericaceae;Arctostaphylos;Arctostaphylos uva-ursi;1
Ardea cinerea;Linnaeus, 1758;SPECIES;Animalia;Chordata;Aves;Ciconiiformes;Ardeidae;Ardea;Ardea cinerea;1
Arrhenatherum elatius;(L.) P. Beauv. ex J. Presl & C. Presl;SPECIES;Plantae;Tracheophyta;Magnoliopsida;Poales;Poaceae;Arrhenatherum;Arrhenatherum elatius;2
Arthonia radiata;(Pers.) Ach.;SPECIES;Fungi;Ascomycota;Arthoniomycetes;Arthoniales;Arthoniaceae;Arthonia;Arthonia radiata;1
Arthrorhaphis grisea;Th. Fr.;SPECIES;Fungi;Ascomycota;Lecanoromycetes;;Arthrorhaphidaceae;Arthrorhaphis;Arthrorhaphis grisea;1
Asplenium adiantum-nigrum;L.;SPECIES;Plantae;Pteridophyta;Polypodiopsida;Polypodiales;Aspleniaceae;Asplenium;Asplenium adiantum-nigrum;2
Asplenium ruta-muraria;L.;SPECIES;Plantae;Pteridophyta;Polypodiopsida;Polypodiales;Aspleniaceae;Asplenium;Asplenium ruta-muraria;3
Athyrium filix-femina;(L.) Roth;SPECIES;Plantae;Pteridophyta;Polypodiopsida;Polypodiales;Athyriaceae;Athyrium;Athyrium filix-femina;8
Baeomyces rufus;(Huds.) Rebent.;SPECIES;Fungi;Ascomycota;Lecanoromycetes;Baeomycetales;Baeomycetaceae;Baeomyces;Baeomyces rufus;1
Bellis perennis;L.;SPECIES;Plantae;Tracheophyta;Magnoliopsida;Asterales;Asteraceae;Bellis;Bellis perennis;4
Betula pubescens;Ehrh.;SPECIES;Plantae;Tracheophyta;Magnoliopsida;Fagales;Betulaceae;Betula;Betula pubescens;6
Blechnum spicant;(L.) Roth;SPECIES;Plantae;Pteridophyta;Polypodiopsida;Polypodiales;Blechnaceae;Blechnum;Blechnum spicant;7
Boloria selene;([Denis & SchiffermÃ¼ller], 1775);SPECIES;Animalia;Arthropoda;Insecta;Lepidoptera;Nymphalidae;Boloria;Boloria selene;2
Buellia aethalea;(Ach.) Th. Fr.;SPECIES;Fungi;Ascomycota;Lecanoromycetes;Teloschistales;Caliciaceae;Buellia;Buellia aethalea;1
Buellia griseovirens;(Turner & Borrer ex Sm.) Almb.;SPECIES;Fungi;Ascomycota;Lecanoromycetes;Teloschistales;Caliciaceae;Buellia;Buellia griseovirens;1
Bufo bufo;(Linnaeus, 1758);SPECIES;Animalia;Chordata;Amphibia;Anura;Bufonidae;Bufo;Bufo bufo;5
Buteo buteo;(Linnaeus, 1758);SPECIES;Animalia;Chordata;Aves;Accipitriformes;Accipitridae;Buteo;Buteo buteo;6
Callophrys rubi;(Linnaeus, 1758);SPECIES;Animalia;Arthropoda;Insecta;Lepidoptera;Lycaenidae;Callophrys;Callophrys rubi;6
Calluna vulgaris;(L.) Hull;SPECIES;Plantae;Tracheophyta;Magnoliopsida;Ericales;Ericaceae;Calluna;Calluna vulgaris;8
Caltha palustris;L.;SPECIES;Plantae;Tracheophyta;Magnoliopsida;Ranunculales;Ranunculaceae;Caltha;Caltha palustris;2
Campanula rotundifolia;L.;SPECIES;Plantae;Tracheophyta;Magnoliopsida;Asterales;Campanulaceae;Campanula;Campanula rotundifolia;2
Candelariella reflexa;(Nyl.) Lettau;SPECIES;Fungi;Ascomycota;Lecanoromycetes;Candelariales;Candelariaceae;Candelariella;Candelariella reflexa;1
Candelariella vitellina f. vitellina;;FORM;Fungi;Ascomycota;Lecanoromycetes;Candelariales;Candelariaceae;Candelariella;Candelariella vitellina;1
Cantharis paludosa;FallÃ©n, 1807;SPECIES;Animalia;Arthropoda;Insecta;Coleoptera;Cantharidae;Cantharis;Cantharis paludosa;1
Carabus granulatus;Linnaeus, 1758;SPECIES;Animalia;Arthropoda;Insecta;Coleoptera;Carabidae;Carabus;Carabus granulatus;1
Carabus violaceus;Linnaeus, 1758;SPECIES;Animalia;Arthropoda;Insecta;Coleoptera;Carabidae;Carabus;Carabus violaceus;1
Cardamine flexuosa;With.;SPECIES;Plantae;Tracheophyta;Magnoliopsida;Brassicales;Brassicaceae;Cardamine;Cardamine flexuosa;3
Cardamine pratensis;L.;SPECIES;Plantae;Tracheophyta;Magnoliopsida;Brassicales;Brassicaceae;Cardamine;Cardamine pratensis;4
Carex binervis;Sm.;SPECIES;Plantae;Tracheophyta;Magnoliopsida;Poales;Cyperaceae;Carex;Carex binervis;8
Carex echinata;Murray;SPECIES;Plantae;Tracheophyta;Magnoliopsida;Poales;Cyperaceae;Carex;Carex echinata;8
Carex flacca;Schreb.;SPECIES;Plantae;Tracheophyta;Magnoliopsida;Poales;Cyperaceae;Carex;Carex flacca;3
Carex hostiana;DC.;SPECIES;Plantae;Tracheophyta;Magnoliopsida;Poales;Cyperaceae;Carex;Carex hostiana;4
Carex laevigata;Sm.;SPECIES;Plantae;Tracheophyta;Magnoliopsida;Poales;Cyperaceae;Carex;Carex laevigata;2
Carex leporina;L.;SPECIES;Plantae;Tracheophyta;Magnoliopsida;Poales;Cyperaceae;Carex;Carex leporina;1
Carex nigra;(L.) Reichard;SPECIES;Plantae;Tracheophyta;Magnoliopsida;Poales;Cyperaceae;Carex;Carex nigra;7
Carex pallescens;L.;SPECIES;Plantae;Tracheophyta;Magnoliopsida;Poales;Cyperaceae;Carex;Carex pallescens;4
Carex panicea;L.;SPECIES;Plantae;Tracheophyta;Magnoliopsida;Poales;Cyperaceae;Carex;Carex panicea;8
Carex pilulifera;L.;SPECIES;Plantae;Tracheophyta;Magnoliopsida;Poales;Cyperaceae;Carex;Carex pilulifera;3
Carex pulicaris;L.;SPECIES;Plantae;Tracheophyta;Magnoliopsida;Poales;Cyperaceae;Carex;Carex pulicaris;3
Carex remota;L.;SPECIES;Plantae;Tracheophyta;Magnoliopsida;Poales;Cyperaceae;Carex;Carex remota;2
Carex rostrata;Stokes;SPECIES;Plantae;Tracheophyta;Magnoliopsida;Poales;Cyperaceae;Carex;Carex rostrata;8
Carex viridula subsp. oedocarpa;(Andersson) B. Schmid;SUBSPECIES;Plantae;Tracheophyta;Magnoliopsida;Poales;Cyperaceae;Carex;Carex viridula;4
Cerastium fontanum;Baumg.;SPECIES;Plantae;Tracheophyta;Magnoliopsida;Caryophyllales;Caryophyllaceae;Cerastium;Cerastium fontanum;3
Chamerion angustifolium;(L.) Holub;SPECIES;Plantae;Tracheophyta;Magnoliopsida;Myrtales;Onagraceae;Chamerion;Chamerion angustifolium;1
Chrysosplenium oppositifolium;L.;SPECIES;Plantae;Tracheophyta;Magnoliopsida;Saxifragales;Saxifragaceae;Chrysosplenium;Chrysosplenium oppositifolium;2
Cicindela campestris;Linnaeus, 1758;SPECIES;Animalia;Arthropoda;Insecta;Coleoptera;Carabidae;Cicindela;Cicindela campestris;1
Circaea lutetiana x alpina = C. x intermedia;Ehrh.;SPECIES_HYBRID;Plantae;Tracheophyta;Magnoliopsida;Myrtales;Onagraceae;Circaea;;3
Circaea lutetiana;L.;SPECIES;Plantae;Tracheophyta;Magnoliopsida;Myrtales;Onagraceae;Circaea;Circaea lutetiana;2
Cirsium arvense;(L.) Scop.;SPECIES;Plantae;Tracheophyta;Magnoliopsida;Asterales;Asteraceae;Cirsium;Cirsium arvense;2
Cirsium palustre;(L.) Scop.;SPECIES;Plantae;Tracheophyta;Magnoliopsida;Asterales;Asteraceae;Cirsium;Cirsium palustre;8
Cirsium vulgare;(Savi) Ten.;SPECIES;Plantae;Tracheophyta;Magnoliopsida;Asterales;Asteraceae;Cirsium;Cirsium vulgare;2
Cladonia coccifera s. lat.;;SPECIES_SENSU_LATO;Fungi;Ascomycota;Lecanoromycetes;Lecanorales;Cladoniaceae;Cladonia;;1
Cladonia polydactyla;(FlÃ¶rke) Spreng.;SPECIES;Fungi;Ascomycota;Lecanoromycetes;Lecanorales;Cladoniaceae;Cladonia;Cladonia polydactyla;1
Cladonia subcervicornis;(Vain.) Kernst.;SPECIES;Fungi;Ascomycota;Lecanoromycetes;Lecanorales;Cladoniaceae;Cladonia;Cladonia subcervicornis;1
Cladonia uncialis subsp. biuncialis;(Hoffm.) M. Choisy;SUBSPECIES;Fungi;Ascomycota;Lecanoromycetes;Lecanorales;Cladoniaceae;Cladonia;Cladonia uncialis;1
Coenogonium pineti;(Ach.) LÃ¼cking & Lumbsch;SPECIES;Fungi;Ascomycota;Lecanoromycetes;Ostropales;Coenogoniaceae;Coenogonium;Coenogonium pineti;1
Coenonympha pamphilus;(Linnaeus, 1758);SPECIES;Animalia;Arthropoda;Insecta;Lepidoptera;Nymphalidae;Coenonympha;Coenonympha pamphilus;4
Coloeus monedula;(Linnaeus, 1758);SPECIES;Animalia;Chordata;Aves;Passeriformes;Corvidae;Coloeus;Coloeus monedula;2
Columba palumbus;Linnaeus, 1758;SPECIES;Animalia;Chordata;Aves;Columbiformes;Columbidae;Columba;Columba palumbus;1
Conopodium majus;(Gouan) Loret;SPECIES;Plantae;Tracheophyta;Magnoliopsida;Apiales;Apiaceae;Conopodium;Conopodium majus;6
Cordulegaster boltonii;(Donovan, 1807);SPECIES;Animalia;Arthropoda;Insecta;Odonata;Cordulegastridae;Cordulegaster;Cordulegaster boltonii;3
Corvus cornix;Linnaeus, 1758;SPECIES;Animalia;Chordata;Aves;Passeriformes;Corvidae;Corvus;Corvus cornix;3
Corvus corone;Linnaeus, 1758;SPECIES;Animalia;Chordata;Aves;Passeriformes;Corvidae;Corvus;Corvus corone;2
Corylus avellana;L.;SPECIES;Plantae;Tracheophyta;Magnoliopsida;Fagales;Betulaceae;Corylus;Corylus avellana;2
Crataegus monogyna;Jacq.;SPECIES;Plantae;Tracheophyta;Magnoliopsida;Rosales;Rosaceae;Crataegus;Crataegus monogyna;8
Crepis capillaris;(L.) Wallr.;SPECIES;Plantae;Tracheophyta;Magnoliopsida;Asterales;Asteraceae;Crepis;Crepis capillaris;2
Cuculus canorus;Linnaeus, 1758;SPECIES;Animalia;Chordata;Aves;Cuculiformes;Cuculidae;Cuculus;Cuculus canorus;4
Cyanistes caeruleus;(Linnaeus, 1758);SPECIES;Animalia;Chordata;Aves;Passeriformes;Paridae;Cyanistes;Cyanistes caeruleus;3
Cygnus olor;(Gmelin, JF, 1789);SPECIES;Animalia;Chordata;Aves;Anseriformes;Anatidae;Cygnus;Cygnus olor;1
Cynosurus cristatus;L.;SPECIES;Plantae;Tracheophyta;Magnoliopsida;Poales;Poaceae;Cynosurus;Cynosurus cristatus;6
Dactylis glomerata;L.;SPECIES;Plantae;Tracheophyta;Magnoliopsida;Poales;Poaceae;Dactylis;Dactylis glomerata;2
Dactylorhiza maculata;(L.) SoÃ³;SPECIES;Plantae;Tracheophyta;Magnoliopsida;Asparagales;Orchidaceae;Dactylorhiza;Dactylorhiza maculata;8
Danthonia decumbens;(L.) DC.;SPECIES;Plantae;Tracheophyta;Magnoliopsida;Poales;Poaceae;Danthonia;Danthonia decumbens;3
Delichon urbicum;(Linnaeus, 1758);SPECIES;Animalia;Chordata;Aves;Passeriformes;Hirundinidae;Delichon;Delichon urbicum;3
Dendrocopos major;(Linnaeus, 1758);SPECIES;Animalia;Chordata;Aves;Piciformes;Picidae;Dendrocopos;Dendrocopos major;2
Deschampsia cespitosa;(L.) P. Beauv.;SPECIES;Plantae;Tracheophyta;Magnoliopsida;Poales;Poaceae;Deschampsia;Deschampsia cespitosa;6
Dibaeis baeomyces;(L. f.) Rambold & Hertel;SPECIES;Fungi;Ascomycota;Lecanoromycetes;Pertusariales;Icmadophilaceae;Dibaeis;Dibaeis baeomyces;1
Dicranomyia chorea;(Meigen, 1818);SPECIES;Animalia;Arthropoda;Insecta;Diptera;Limoniidae;Dicranomyia;Dicranomyia chorea;1
Dicranomyia distendens;LundstrÃ¶m, 1912;SPECIES;Animalia;Arthropoda;Insecta;Diptera;Limoniidae;Dicranomyia;Dicranomyia distendens;1
Dicranomyia mitis;(Meigen, 1830);SPECIES_SENSU_LATO;Animalia;Arthropoda;Insecta;Diptera;Limoniidae;Dicranomyia;;1
Digitalis purpurea;L.;SPECIES;Plantae;Tracheophyta;Magnoliopsida;Lamiales;Plantaginaceae;Digitalis;Digitalis purpurea;8
Drosera anglica;Huds.;SPECIES;Plantae;Tracheophyta;Magnoliopsida;Caryophyllales;Droseraceae;Drosera;Drosera anglica;4
Drosera rotundifolia;L.;SPECIES;Plantae;Tracheophyta;Magnoliopsida;Caryophyllales;Droseraceae;Drosera;Drosera rotundifolia;8
Dryopteris affinis subsp. affinis;(Lowe) Fraser-Jenk.;SUBSPECIES;Plantae;Pteridophyta;Polypodiopsida;Polypodiales;Dryopteridaceae;Dryopteris;Dryopteris affinis;1
Dryopteris affinis;(Lowe) Fraser-Jenk.;SPECIES;Plantae;Pteridophyta;Polypodiopsida;Polypodiales;Dryopteridaceae;Dryopteris;Dryopteris affinis;1
Dryopteris affinis;;SPECIES_SENSU_LATO;Plantae;Pteridophyta;Polypodiopsida;Polypodiales;Dryopteridaceae;Dryopteris;;1
Dryopteris borreri;(Newman) Newman ex Oberh. & Tavel;SPECIES;Plantae;Pteridophyta;Polypodiopsida;Polypodiales;Dryopteridaceae;Dryopteris;Dryopteris borreri;2
Dryopteris cambrensis;(Fraser-Jenk.) Beitel & W.R. Buck;SPECIES;Plantae;Pteridophyta;Polypodiopsida;Polypodiales;Dryopteridaceae;Dryopteris;Dryopteris cambrensis;4
Dryopteris dilatata;(Hoffm.) A. Gray;SPECIES;Plantae;Pteridophyta;Polypodiopsida;Polypodiales;Dryopteridaceae;Dryopteris;Dryopteris dilatata;4
Eleocharis multicaulis;(Sm.) Desv.;SPECIES;Plantae;Tracheophyta;Magnoliopsida;Poales;Cyperaceae;Eleocharis;Eleocharis multicaulis;6
Eleocharis palustris;(L.) Roem. & Schult.;SPECIES;Plantae;Tracheophyta;Magnoliopsida;Poales;Cyperaceae;Eleocharis;Eleocharis palustris;1
Enochrus affinis;(Thunberg, 1794);SPECIES;Animalia;Arthropoda;Insecta;Coleoptera;Hydrophilidae;Enochrus;Enochrus affinis;1
Enochrus fuscipennis;(Thomson, C.G., 1884);SPECIES;Animalia;Arthropoda;Insecta;Coleoptera;Hydrophilidae;Enochrus;Enochrus fuscipennis;1
Epilobium montanum;L.;SPECIES;Plantae;Tracheophyta;Magnoliopsida;Myrtales;Onagraceae;Epilobium;Epilobium montanum;2
Epilobium obscurum;Schreb.;SPECIES;Plantae;Tracheophyta;Magnoliopsida;Myrtales;Onagraceae;Epilobium;Epilobium obscurum;2
Epilobium palustre;L.;SPECIES;Plantae;Tracheophyta;Magnoliopsida;Myrtales;Onagraceae;Epilobium;Epilobium palustre;6
Equisetum fluviatile;L.;SPECIES;Plantae;Pteridophyta;Equisetopsida;Equisetales;Equisetaceae;Equisetum;Equisetum fluviatile;7
Erebia aethiops;(Esper, 1777);SPECIES;Animalia;Arthropoda;Insecta;Lepidoptera;Nymphalidae;Erebia;Erebia aethiops;2
Erica cinerea;L.;SPECIES;Plantae;Tracheophyta;Magnoliopsida;Ericales;Ericaceae;Erica;Erica cinerea;8
Erica tetralix;L.;SPECIES;Plantae;Tracheophyta;Magnoliopsida;Ericales;Ericaceae;Erica;Erica tetralix;8
Eriophorum angustifolium;Honck.;SPECIES;Plantae;Tracheophyta;Magnoliopsida;Poales;Cyperaceae;Eriophorum;Eriophorum angustifolium;8
Eriophorum vaginatum;L.;SPECIES;Plantae;Tracheophyta;Magnoliopsida;Poales;Cyperaceae;Eriophorum;Eriophorum vaginatum;1
Erithacus rubecula;(Linnaeus, 1758);SPECIES;Animalia;Chordata;Aves;Passeriformes;Muscicapidae;Erithacus;Erithacus rubecula;2
Euphrasia micrantha;Rchb.;SPECIES;Plantae;Tracheophyta;Magnoliopsida;Lamiales;Orobanchaceae;Euphrasia;Euphrasia micrantha;2
Euphrasia officinalis agg.;;SPECIES_AGGREGATE;Plantae;Tracheophyta;Magnoliopsida;Lamiales;Orobanchaceae;Euphrasia;;1
Euphrasia;L.;GENUS;Plantae;Tracheophyta;Magnoliopsida;Lamiales;Orobanchaceae;Euphrasia;;1
Fagus sylvatica;L.;SPECIES;Plantae;Tracheophyta;Magnoliopsida;Fagales;Fagaceae;Fagus;Fagus sylvatica;2
Falco tinnunculus;Linnaeus, 1758;SPECIES;Animalia;Chordata;Aves;Falconiformes;Falconidae;Falco;Falco tinnunculus;3
Festuca ovina agg.;;SPECIES_AGGREGATE;Plantae;Tracheophyta;Magnoliopsida;Poales;Poaceae;Festuca;;7
Festuca rubra agg.;L.;SPECIES_AGGREGATE;Plantae;Tracheophyta;Magnoliopsida;Poales;Poaceae;Festuca;;8
Festuca vivipara;(L.) Sm.;SPECIES;Plantae;Tracheophyta;Magnoliopsida;Poales;Poaceae;Festuca;Festuca vivipara;2
Ficaria verna;Huds.;SPECIES;Plantae;Tracheophyta;Magnoliopsida;Ranunculales;Ranunculaceae;Ficaria;Ficaria verna;2
Filipendula ulmaria;(L.) Maxim.;SPECIES;Plantae;Tracheophyta;Magnoliopsida;Rosales;Rosaceae;Filipendula;Filipendula ulmaria;5
Flavoparmelia caperata;(L.) Hale;SPECIES;Fungi;Ascomycota;Lecanoromycetes;Lecanorales;Parmeliaceae;Flavoparmelia;Flavoparmelia caperata;1
Fraxinus excelsior;L.;SPECIES;Plantae;Tracheophyta;Magnoliopsida;Lamiales;Oleaceae;Fraxinus;Fraxinus excelsior;3
Fringilla coelebs;Linnaeus, 1758;SPECIES;Animalia;Chordata;Aves;Passeriformes;Fringillidae;Fringilla;Fringilla coelebs;5
Fuscidea cyathoides var. cyathoides;(Ach.) V. Wirth & VÄ›zda;VARIETY;Fungi;Ascomycota;Lecanoromycetes;;Fuscideaceae;Fuscidea;Fuscidea cyathoides;1
Fuscidea lightfootii;(Sm.) Coppins & P. James;SPECIES;Fungi;Ascomycota;Lecanoromycetes;;Fuscideaceae;Fuscidea;Fuscidea lightfootii;1
Fuscidea lygaea;(W. Mann) V. Wirth & VÄ›zda;SPECIES;Fungi;Ascomycota;Lecanoromycetes;;Fuscideaceae;Fuscidea;Fuscidea lygaea;1
Galium aparine;L.;SPECIES;Plantae;Tracheophyta;Magnoliopsida;Gentianales;Rubiaceae;Galium;Galium aparine;3
Galium palustre;L.;SPECIES;Plantae;Tracheophyta;Magnoliopsida;Gentianales;Rubiaceae;Galium;Galium palustre;4
Galium saxatile;L.;SPECIES;Plantae;Tracheophyta;Magnoliopsida;Gentianales;Rubiaceae;Galium;Galium saxatile;8
Gasterosteus aculeatus;Linnaeus, 1758;SPECIES;Animalia;Chordata;Actinopterygii;Gasterosteiformes;Gasterosteidae;Gasterosteus;Gasterosteus aculeatus;1
Geranium robertianum;L.;SPECIES;Plantae;Tracheophyta;Magnoliopsida;Geraniales;Geraniaceae;Geranium;Geranium robertianum;2
Geum rivale;L.;SPECIES;Plantae;Tracheophyta;Magnoliopsida;Rosales;Rosaceae;Geum;Geum rivale;4
Gnaphalium uliginosum;L.;SPECIES;Plantae;Tracheophyta;Magnoliopsida;Asterales;Asteraceae;Gnaphalium;Gnaphalium uliginosum;1
Gymnadenia conopsea agg.;;SPECIES_AGGREGATE;Plantae;Tracheophyta;Magnoliopsida;Asparagales;Orchidaceae;Gymnadenia;;1
Gymnocarpium dryopteris;(L.) Newman;SPECIES;Plantae;Pteridophyta;Polypodiopsida;Polypodiales;Cystopteridaceae;Gymnocarpium;Gymnocarpium dryopteris;1
Gyrinus minutus;Fabricius, 1798;SPECIES;Animalia;Arthropoda;Insecta;Coleoptera;Gyrinidae;Gyrinus;Gyrinus minutus;1
Gyrinus substriatus;Stephens, 1828;SPECIES;Animalia;Arthropoda;Insecta;Coleoptera;Gyrinidae;Gyrinus;Gyrinus substriatus;2
Haematopus ostralegus;Linnaeus, 1758;SPECIES;Animalia;Chordata;Aves;Charadriiformes;Charadriidae;Haematopus;Haematopus ostralegus;2
Hedera helix;;SPECIES_SENSU_LATO;Plantae;Tracheophyta;Magnoliopsida;Apiales;Araliaceae;Hedera;;2
Heracleum sphondylium;L.;SPECIES;Plantae;Tracheophyta;Magnoliopsida;Apiales;Apiaceae;Heracleum;Heracleum sphondylium;3
Hieracium sect. Vulgata;(Griseb.) Willk. & Lange;SECTION;Plantae;Tracheophyta;Magnoliopsida;Asterales;Asteraceae;Hieracium;;1
Hieracium;L.;GENUS;Plantae;Tracheophyta;Magnoliopsida;Asterales;Asteraceae;Hieracium;;2
Hirundo rustica;Linnaeus, 1758;SPECIES;Animalia;Chordata;Aves;Passeriformes;Hirundinidae;Hirundo;Hirundo rustica;1
Holcus lanatus;L.;SPECIES;Plantae;Tracheophyta;Magnoliopsida;Poales;Poaceae;Holcus;Holcus lanatus;8
Holcus mollis;L.;SPECIES;Plantae;Tracheophyta;Magnoliopsida;Poales;Poaceae;Holcus;Holcus mollis;4
Huperzia selago;(L.) Bernh. ex Schrank & Mart.;SPECIES;Plantae;Tracheophyta;Lycopodiopsida;Lycopodiales;Lycopodiaceae;Huperzia;Huperzia selago;1
Hyacinthoides non-scripta;(L.) Chouard ex Rothm.;SPECIES;Plantae;Tracheophyta;Magnoliopsida;Asparagales;Asparagaceae;Hyacinthoides;Hyacinthoides non-scripta;4
Hydrobius fuscipes/rottenbergii/subrotundus;;SPECIES_AGGREGATE;Animalia;Arthropoda;Insecta;Coleoptera;Hydrophilidae;Hydrobius;;1
Hydrocotyle vulgaris;L.;SPECIES;Plantae;Tracheophyta;Magnoliopsida;Apiales;Araliaceae;Hydrocotyle;Hydrocotyle vulgaris;6
Hydroporus gyllenhalii;SchiÃ¸dte, 1841;SPECIES;Animalia;Arthropoda;Insecta;Coleoptera;Dytiscidae;Hydroporus;Hydroporus gyllenhalii;1
Hydroporus obscurus;Sturm, 1835;SPECIES;Animalia;Arthropoda;Insecta;Coleoptera;Dytiscidae;Hydroporus;Hydroporus obscurus;2
Hydroporus tristis;(Paykull, 1798);SPECIES;Animalia;Arthropoda;Insecta;Coleoptera;Dytiscidae;Hydroporus;Hydroporus tristis;1
Hymenophyllum wilsonii;Hook.;SPECIES;Plantae;Pteridophyta;Polypodiopsida;Hymenophyllales;Hymenophyllaceae;Hymenophyllum;Hymenophyllum wilsonii;1
Hypericum androsaemum;L.;SPECIES;Plantae;Tracheophyta;Magnoliopsida;Malpighiales;Hypericaceae;Hypericum;Hypericum androsaemum;2
Hypericum elodes;L.;SPECIES;Plantae;Tracheophyta;Magnoliopsida;Malpighiales;Hypericaceae;Hypericum;Hypericum elodes;5
Hypericum pulchrum;L.;SPECIES;Plantae;Tracheophyta;Magnoliopsida;Malpighiales;Hypericaceae;Hypericum;Hypericum pulchrum;4
Hypericum tetrapterum;Fr.;SPECIES;Plantae;Tracheophyta;Magnoliopsida;Malpighiales;Hypericaceae;Hypericum;Hypericum tetrapterum;2
Hyperphyscia adglutinata;(FlÃ¶rke) H. Mayrhofer & Poelt;SPECIES;Fungi;Ascomycota;Lecanoromycetes;Teloschistales;Physciaceae;Hyperphyscia;Hyperphyscia adglutinata;1
Hypochaeris radicata;L.;SPECIES;Plantae;Tracheophyta;Magnoliopsida;Asterales;Asteraceae;Hypochaeris;Hypochaeris radicata;5
Hypogymnia physodes;(L.) Nyl.;SPECIES;Fungi;Ascomycota;Lecanoromycetes;Lecanorales;Parmeliaceae;Hypogymnia;Hypogymnia physodes;1
Hypogymnia tubulosa;(Schaer.) Hav.;SPECIES;Fungi;Ascomycota;Lecanoromycetes;Lecanorales;Parmeliaceae;Hypogymnia;Hypogymnia tubulosa;1
Ilybius aenescens;Thomson, C.G., 1870;SPECIES;Animalia;Arthropoda;Insecta;Coleoptera;Dytiscidae;Ilybius;Ilybius aenescens;1
Ilybius fuliginosus;(Fabricius, 1792);SPECIES;Animalia;Arthropoda;Insecta;Coleoptera;Dytiscidae;Ilybius;Ilybius fuliginosus;1
Immersaria athroocarpa;(Ach.) Rambold & Pietschm.;SPECIES;Fungi;Ascomycota;Lecanoromycetes;Lecideales;Lecideaceae;Immersaria;Immersaria athroocarpa;1
Iris pseudacorus;L.;SPECIES;Plantae;Tracheophyta;Magnoliopsida;Asparagales;Iridaceae;Iris;Iris pseudacorus;4
Ischnura elegans;(Vander Linden, 1820);SPECIES;Animalia;Arthropoda;Insecta;Odonata;Coenagrionidae;Ischnura;Ischnura elegans;2
Jacobaea;Mill.;GENUS;Plantae;Tracheophyta;Magnoliopsida;Asterales;Asteraceae;Jacobaea;;8
Juncus acutiflorus;Ehrh. ex Hoffm.;SPECIES;Plantae;Tracheophyta;Magnoliopsida;Poales;Juncaceae;Juncus;Juncus acutiflorus;7
Juncus articulatus;L.;SPECIES;Plantae;Tracheophyta;Magnoliopsida;Poales;Juncaceae;Juncus;Juncus articulatus;1
Juncus bulbosus;L.;SPECIES;Plantae;Tracheophyta;Magnoliopsida;Poales;Juncaceae;Juncus;Juncus bulbosus;8
Juncus conglomeratus;L.;SPECIES;Plantae;Tracheophyta;Magnoliopsida;Poales;Juncaceae;Juncus;Juncus conglomeratus;7
Juncus effusus;L.;SPECIES;Plantae;Tracheophyta;Magnoliopsida;Poales;Juncaceae;Juncus;Juncus effusus;8
Juncus squarrosus;L.;SPECIES;Plantae;Tracheophyta;Magnoliopsida;Poales;Juncaceae;Juncus;Juncus squarrosus;6
Juniperus communis subsp. nana;(Hook.) Syme;SUBSPECIES;Plantae;Tracheophyta;Pinopsida;Pinales;Cupressaceae;Juniperus;Juniperus communis;1
Lagopus lagopus;(Linnaeus, 1758);SPECIES;Animalia;Chordata;Aves;Galliformes;Phasianidae;Lagopus;Lagopus lagopus;1
Larus argentatus;Pontoppidan, 1763;SPECIES;Animalia;Chordata;Aves;Charadriiformes;Laridae;Larus;Larus argentatus;2
Larus fuscus;Linnaeus, 1758;SPECIES;Animalia;Chordata;Aves;Charadriiformes;Laridae;Larus;Larus fuscus;1
Lathyrus linifolius;(Reichard) BÃ¤ssler;SPECIES;Plantae;Tracheophyta;Magnoliopsida;Fabales;Fabaceae;Lathyrus;Lathyrus linifolius;1
Lecanora chlarotera;Nyl.;SPECIES;Fungi;Ascomycota;Lecanoromycetes;Lecanorales;Lecanoraceae;Lecanora;Lecanora chlarotera;1
Lecanora conizaeoides f. conizaeoides;Nyl. ex Cromb.;FORM;Fungi;Ascomycota;Lecanoromycetes;Lecanorales;Lecanoraceae;Lecanora;Lecanora conizaeoides;1
Lecanora expallens;Ach.;SPECIES;Fungi;Ascomycota;Lecanoromycetes;Lecanorales;Lecanoraceae;Lecanora;Lecanora expallens;1
Lecanora polytropa;(Hoffm.) Rabenh.;SPECIES;Fungi;Ascomycota;Lecanoromycetes;Lecanorales;Lecanoraceae;Lecanora;Lecanora polytropa;1
Lecanora symmicta;(Ach.) Ach.;SPECIES;Fungi;Ascomycota;Lecanoromycetes;Lecanorales;Lecanoraceae;Lecanora;Lecanora symmicta;1
Lecidella elaeochroma f. elaeochroma;(Ach. ) M. Choisy;FORM;Fungi;Ascomycota;Lecanoromycetes;Lecanorales;Lecanoraceae;Lecidella;Lecidella elaeochroma;1
Lepra corallina;(L.) Hafellner;SPECIES;Fungi;Ascomycota;;;;Lepra;Lepra corallina;1
Lestes sponsa;(Hansemann, 1823);SPECIES;Animalia;Arthropoda;Insecta;Odonata;Lestidae;Lestes;Lestes sponsa;1
Libellula quadrimaculata;Linnaeus, 1758;SPECIES;Animalia;Arthropoda;Insecta;Odonata;Libellulidae;Libellula;Libellula quadrimaculata;3
Linum catharticum;L.;SPECIES;Plantae;Tracheophyta;Magnoliopsida;Malpighiales;Linaceae;Linum;Linum catharticum;2
Lolium perenne;L.;SPECIES;Plantae;Tracheophyta;Magnoliopsida;Poales;Poaceae;Lolium;Lolium perenne;2
Lonicera periclymenum;L.;SPECIES;Plantae;Tracheophyta;Magnoliopsida;Dipsacales;Caprifoliaceae;Lonicera;Lonicera periclymenum;6
Lotus corniculatus;L.;SPECIES;Plantae;Tracheophyta;Magnoliopsida;Fabales;Fabaceae;Lotus;Lotus corniculatus;3
Lotus pedunculatus;Cav.;SPECIES;Plantae;Tracheophyta;Magnoliopsida;Fabales;Fabaceae;Lotus;Lotus pedunculatus;6
Luzula campestris;(L.) DC.;SPECIES;Plantae;Tracheophyta;Magnoliopsida;Poales;Juncaceae;Luzula;Luzula campestris;6
Luzula multiflora subsp. congesta;(Thuill.) Arcang.;SUBSPECIES;Plantae;Tracheophyta;Magnoliopsida;Poales;Juncaceae;Luzula;Luzula multiflora;1
Luzula multiflora;(Ehrh.) Lej.;SPECIES;Plantae;Tracheophyta;Magnoliopsida;Poales;Juncaceae;Luzula;Luzula multiflora;7
Luzula pilosa;(L.) Willd.;SPECIES;Plantae;Tracheophyta;Magnoliopsida;Poales;Juncaceae;Luzula;Luzula pilosa;2
Luzula sylvatica;(Huds.) Gaudin;SPECIES;Plantae;Tracheophyta;Magnoliopsida;Poales;Juncaceae;Luzula;Luzula sylvatica;3
Lysimachia nemorum;L.;SPECIES;Plantae;Tracheophyta;Magnoliopsida;Ericales;Primulaceae;Lysimachia;Lysimachia nemorum;4
Lysimachia;L.;GENUS;Plantae;Tracheophyta;Magnoliopsida;Ericales;Primulaceae;Lysimachia;;1
Maniola jurtina;(Linnaeus, 1758);SPECIES;Animalia;Arthropoda;Insecta;Lepidoptera;Nymphalidae;Maniola;Maniola jurtina;2
Melanelixia fuliginosa;(Fr. ex Duby) O. Blanco et al.;SPECIES;Fungi;Ascomycota;Lecanoromycetes;Lecanorales;Parmeliaceae;Melanelixia;Melanelixia fuliginosa;1
Melanelixia subaurifera;(Nyl.) O. Blanco et al.;SPECIES;Fungi;Ascomycota;Lecanoromycetes;Lecanorales;Parmeliaceae;Melanelixia;Melanelixia subaurifera;1
Melanohalea exasperata;(De Not.) O. Blanco et al.;SPECIES;Fungi;Ascomycota;Lecanoromycetes;Lecanorales;Parmeliaceae;Melanohalea;Melanohalea exasperata;1
Mentha aquatica;L.;SPECIES;Plantae;Tracheophyta;Magnoliopsida;Lamiales;Lamiaceae;Mentha;Mentha aquatica;4
Menyanthes trifoliata;L.;SPECIES;Plantae;Tracheophyta;Magnoliopsida;Asterales;Menyanthaceae;Menyanthes;Menyanthes trifoliata;6
Mercurialis perennis;L.;SPECIES;Plantae;Tracheophyta;Magnoliopsida;Malpighiales;Euphorbiaceae;Mercurialis;Mercurialis perennis;4
Micarea botryoides;(Nyl.) Coppins;SPECIES;Fungi;Ascomycota;Lecanoromycetes;Lecanorales;Pilocarpaceae;Micarea;Micarea botryoides;1
Micarea leprosula;(Th. Fr.) Coppins & A. Fletcher;SPECIES;Fungi;Ascomycota;Lecanoromycetes;Lecanorales;Pilocarpaceae;Micarea;Micarea leprosula;1
Micarea lignaria var. lignaria;(Ach.) Hedl.;VARIETY;Fungi;Ascomycota;Lecanoromycetes;Lecanorales;Pilocarpaceae;Micarea;Micarea lignaria;1
Micarea nitschkeana;(J. Lahm ex Rabenh.) Harm.;SPECIES;Fungi;Ascomycota;Lecanoromycetes;Lecanorales;Pilocarpaceae;Micarea;Micarea nitschkeana;1
Molinia caerulea;(L.) Moench;SPECIES;Plantae;Tracheophyta;Magnoliopsida;Poales;Poaceae;Molinia;Molinia caerulea;8
Molophilus occultus;de Meijere, 1918;SPECIES;Animalia;Arthropoda;Insecta;Diptera;Limoniidae;Molophilus;Molophilus occultus;1
Montia fontana;L.;SPECIES;Plantae;Tracheophyta;Magnoliopsida;Caryophyllales;Montiaceae;Montia;Montia fontana;2
Motacilla alba yarrellii;Gould, 1837;SUBSPECIES;Animalia;Chordata;Aves;Passeriformes;Motacillidae;Motacilla;Motacilla alba;2
Motacilla cinerea;Tunstall, 1771;SPECIES;Animalia;Chordata;Aves;Passeriformes;Motacillidae;Motacilla;Motacilla cinerea;2
Myosotis secunda;Al. Murray;SPECIES;Plantae;Tracheophyta;Magnoliopsida;;Boraginaceae;Myosotis;Myosotis secunda;6
Myotis nattereri;(Kuhl, 1817);SPECIES;Animalia;Chordata;Mammalia;Chiroptera;Vespertilionidae;Myotis;Myotis nattereri;1
Myrica gale;L.;SPECIES;Plantae;Tracheophyta;Magnoliopsida;Fagales;Myricaceae;Myrica;Myrica gale;6
Naevia punctiformis;(Ach.) A. Massal.;SPECIES;Fungi;Ascomycota;Arthoniomycetes;Arthoniales;Arthoniaceae;;Naevia punctiformis;1
Nardus stricta;L.;SPECIES;Plantae;Tracheophyta;Magnoliopsida;Poales;Poaceae;Nardus;Nardus stricta;7
Narthecium ossifragum;(L.) Huds.;SPECIES;Plantae;Tracheophyta;Magnoliopsida;Dioscoreales;Nartheciaceae;Narthecium;Narthecium ossifragum;8
Neobisium (Neobisium) carcinoides;(Herman, 1804);SPECIES;Animalia;Arthropoda;Arachnida;Pseudoscorpiones;Neobisiidae;Neobisium;Neobisium carcinoides;1
Neovison vison;(Schreber, 1777);SPECIES;Animalia;Chordata;Mammalia;Carnivora;Mustelidae;Neovison;Neovison vison;1
Numenius arquata;(Linnaeus, 1758);SPECIES;Animalia;Chordata;Aves;Charadriiformes;Scolopacidae;Numenius;Numenius arquata;1
Nuphar lutea;(L.) Sm.;SPECIES;Plantae;Tracheophyta;Magnoliopsida;Nymphaeales;Nymphaeaceae;Nuphar;Nuphar lutea;2
Oenanthe crocata;L.;SPECIES;Plantae;Tracheophyta;Magnoliopsida;Apiales;Apiaceae;Oenanthe;Oenanthe crocata;2
Opegrapha vulgata;(Ach.) Ach.;SPECIES;Fungi;Ascomycota;Arthoniomycetes;Arthoniales;Roccellaceae;Opegrapha;Opegrapha vulgata;1
Oreodytes sanmarkii;(Sahlberg, C.R., 1826);SPECIES;Animalia;Arthropoda;Insecta;Coleoptera;Dytiscidae;Oreodytes;Oreodytes sanmarkii;1
Oreopteris limbosperma;(All.) Holub;SPECIES;Plantae;Pteridophyta;Polypodiopsida;Polypodiales;Thelypteridaceae;Oreopteris;Oreopteris limbosperma;4
Orthetrum coerulescens;(Fabricius, 1798);SPECIES;Animalia;Arthropoda;Insecta;Odonata;Libellulidae;Orthetrum;Orthetrum coerulescens;3
Oxalis acetosella;L.;SPECIES;Plantae;Tracheophyta;Magnoliopsida;Oxalidales;Oxalidaceae;Oxalis;Oxalis acetosella;5
Pararge aegeria;(Linnaeus, 1758);SPECIES;Animalia;Arthropoda;Insecta;Lepidoptera;Nymphalidae;Pararge;Pararge aegeria;1
Parmelia saxatilis s. lat.;;SPECIES_SENSU_LATO;Fungi;Ascomycota;Lecanoromycetes;Lecanorales;Parmeliaceae;Parmelia;;1
Parmelia sulcata;Taylor;SPECIES;Fungi;Ascomycota;Lecanoromycetes;Lecanorales;Parmeliaceae;Parmelia;Parmelia sulcata;1
Parmelina pastillifera;(Harm.) Hale;SPECIES;Fungi;Ascomycota;Lecanoromycetes;Lecanorales;Parmeliaceae;Parmelina;Parmelina pastillifera;1
Parmotrema perlatum;(Huds.) M. Choisy;SPECIES;Fungi;Ascomycota;Lecanoromycetes;Lecanorales;Parmeliaceae;Parmotrema;Parmotrema perlatum;1
Parus major;Linnaeus, 1758;SPECIES;Animalia;Chordata;Aves;Passeriformes;Paridae;Parus;Parus major;2
Passer domesticus;(Linnaeus, 1758);SPECIES;Animalia;Chordata;Aves;Passeriformes;Passeridae;Passer;Passer domesticus;1
Pedicularis palustris;L.;SPECIES;Plantae;Tracheophyta;Magnoliopsida;Lamiales;Orobanchaceae;Pedicularis;Pedicularis palustris;2
Pedicularis sylvatica;L.;SPECIES;Plantae;Tracheophyta;Magnoliopsida;Lamiales;Orobanchaceae;Pedicularis;Pedicularis sylvatica;7
Pertusaria leioplaca;DC.;SPECIES;Fungi;Ascomycota;Lecanoromycetes;Pertusariales;Pertusariaceae;Pertusaria;Pertusaria leioplaca;1
Pertusaria pertusa;(Weigel) Tuck.;SPECIES;Fungi;Ascomycota;Lecanoromycetes;Pertusariales;Pertusariaceae;Pertusaria;Pertusaria pertusa;1
Phegopteris connectilis;(Michx.) Watt;SPECIES;Plantae;Pteridophyta;Polypodiopsida;Polypodiales;Thelypteridaceae;Phegopteris;Phegopteris connectilis;4
Phylidorea squalens;(Zetterstedt, [1838]);SPECIES;Animalia;Arthropoda;Insecta;Diptera;Limoniidae;Phylidorea;Phylidorea squalens;1
Phyllitis scolopendrium;(L.) Newman;SPECIES;Plantae;Pteridophyta;Polypodiopsida;Polypodiales;Aspleniaceae;Phyllitis;Phyllitis scolopendrium;3
Phylloscopus trochilus;(Linnaeus, 1758);SPECIES;Animalia;Chordata;Aves;Passeriformes;Phylloscopidae;Phylloscopus;Phylloscopus trochilus;1
Physcia caesia;(Hoffm.) FÃ¼rnr.;SPECIES;Fungi;Ascomycota;Lecanoromycetes;Teloschistales;Physciaceae;Physcia;Physcia caesia;1
Physcia tenella;(Scop.) DC.;SPECIES;Fungi;Ascomycota;Lecanoromycetes;Teloschistales;Physciaceae;Physcia;Physcia tenella;1
Pieris napi;(Linnaeus, 1758);SPECIES;Animalia;Arthropoda;Insecta;Lepidoptera;Pieridae;Pieris;Pieris napi;2
Pilosella officinarum;F.W. Schultz & Sch. Bip.;SPECIES;Plantae;Tracheophyta;Magnoliopsida;Asterales;Asteraceae;Pilosella;Pilosella officinarum;5
Pinguicula lusitanica;L.;SPECIES;Plantae;Tracheophyta;Magnoliopsida;Lamiales;Lentibulariaceae;Pinguicula;Pinguicula lusitanica;2
Pinguicula vulgaris;L.;SPECIES;Plantae;Tracheophyta;Magnoliopsida;Lamiales;Lentibulariaceae;Pinguicula;Pinguicula vulgaris;4
Placynthiella icmalea;(Ach.) Coppins & P. James;SPECIES;Fungi;Ascomycota;Lecanoromycetes;Baeomycetales;Trapeliaceae;Placynthiella;Placynthiella icmalea;1
Plantago lanceolata;L.;SPECIES;Plantae;Tracheophyta;Magnoliopsida;Lamiales;Plantaginaceae;Plantago;Plantago lanceolata;4
Plantago major;L.;SPECIES;Plantae;Tracheophyta;Magnoliopsida;Lamiales;Plantaginaceae;Plantago;Plantago major;1
Plantago maritima;L.;SPECIES;Plantae;Tracheophyta;Magnoliopsida;Lamiales;Plantaginaceae;Plantago;Plantago maritima;2
Platismatia glauca;(L.) W.L. Culb. & C.F. Culb.;SPECIES;Fungi;Ascomycota;Lecanoromycetes;Lecanorales;Parmeliaceae;Platismatia;Platismatia glauca;1
Poa annua;L.;SPECIES;Plantae;Tracheophyta;Magnoliopsida;Poales;Poaceae;Poa;Poa annua;3
Poa humilis;Ehrh. ex Hoffm.;SPECIES;Plantae;Tracheophyta;Magnoliopsida;Poales;Poaceae;Poa;Poa humilis;7
Poa trivialis;L.;SPECIES;Plantae;Tracheophyta;Magnoliopsida;Poales;Poaceae;Poa;Poa trivialis;5
Poaceae;;FAMILY;Plantae;Tracheophyta;Magnoliopsida;Poales;Poaceae;;;6
Polygala serpyllifolia;HosÃ©;SPECIES;Plantae;Tracheophyta;Magnoliopsida;Fabales;Polygalaceae;Polygala;Polygala serpyllifolia;3
Polypodium vulgare;L.;SPECIES;Plantae;Pteridophyta;Polypodiopsida;Polypodiales;Polypodiaceae;Polypodium;Polypodium vulgare;3
Polypodium vulgare;;SPECIES_AGGREGATE;Plantae;Pteridophyta;Polypodiopsida;Polypodiales;Polypodiaceae;Polypodium;;1
Populus tremula;L.;SPECIES;Plantae;Tracheophyta;Magnoliopsida;Malpighiales;Salicaceae;Populus;Populus tremula;2
Porpidia tuberculosa;(Sm.) Hertel & Knoph;SPECIES;Fungi;Ascomycota;Lecanoromycetes;Lecideales;Lecideaceae;Porpidia;Porpidia tuberculosa;1
Potamogeton polygonifolius;Pourr.;SPECIES;Plantae;Tracheophyta;Magnoliopsida;Alismatales;Potamogetonaceae;Potamogeton;Potamogeton polygonifolius;8
Potentilla erecta;(L.) Raeusch.;SPECIES;Plantae;Tracheophyta;Magnoliopsida;Rosales;Rosaceae;Potentilla;Potentilla erecta;8
Potentilla palustris;(L.) Scop.;SPECIES;Plantae;Tracheophyta;Magnoliopsida;Rosales;Rosaceae;Potentilla;Potentilla palustris;4
Primula vulgaris;Huds.;SPECIES;Plantae;Tracheophyta;Magnoliopsida;Ericales;Primulaceae;Primula;Primula vulgaris;2
Prunella modularis;(Linnaeus, 1758);SPECIES;Animalia;Chordata;Aves;Passeriformes;Prunellidae;Prunella;Prunella modularis;2
Prunella vulgaris;L.;SPECIES;Plantae;Tracheophyta;Magnoliopsida;Lamiales;Lamiaceae;Prunella;Prunella vulgaris;5
Prunus padus;L.;SPECIES;Plantae;Tracheophyta;Magnoliopsida;Rosales;Rosaceae;Prunus;Prunus padus;1
Pteridium aquilinum;(L.) Kuhn;SPECIES;Plantae;Pteridophyta;Polypodiopsida;Polypodiales;Dennstaedtiaceae;Pteridium;Pteridium aquilinum;6
Punctelia subrudecta s. lat.;;SPECIES_SENSU_LATO;Fungi;Ascomycota;Lecanoromycetes;Lecanorales;Parmeliaceae;Punctelia;;1
Pyrrhosoma nymphula;(Sulzer, 1776);SPECIES;Animalia;Arthropoda;Insecta;Odonata;Coenagrionidae;Pyrrhosoma;Pyrrhosoma nymphula;2
Ramalina farinacea;(L.) Ach.;SPECIES;Fungi;Ascomycota;Lecanoromycetes;Lecanorales;Ramalinaceae;Ramalina;Ramalina farinacea;1
Ramalina fastigiata;(Pers.) Ach.;SPECIES;Fungi;Ascomycota;Lecanoromycetes;Lecanorales;Ramalinaceae;Ramalina;Ramalina fastigiata;1
Ranunculus acris;L.;SPECIES;Plantae;Tracheophyta;Magnoliopsida;Ranunculales;Ranunculaceae;Ranunculus;Ranunculus acris;4
Ranunculus flammula;L.;SPECIES;Plantae;Tracheophyta;Magnoliopsida;Ranunculales;Ranunculaceae;Ranunculus;Ranunculus flammula;7
Ranunculus repens;L.;SPECIES;Plantae;Tracheophyta;Magnoliopsida;Ranunculales;Ranunculaceae;Ranunculus;Ranunculus repens;6
Rhododendron ponticum;L.;SPECIES;Plantae;Tracheophyta;Magnoliopsida;Ericales;Ericaceae;Rhododendron;Rhododendron ponticum;8
Rhynchospora alba;(L.) Vahl;SPECIES;Plantae;Tracheophyta;Magnoliopsida;Poales;Cyperaceae;Rhynchospora;Rhynchospora alba;2
Rinodina sophodes;(Ach.) A. Massal.;SPECIES;Fungi;Ascomycota;Lecanoromycetes;Teloschistales;Physciaceae;Rinodina;Rinodina sophodes;1
Rosa canina agg.;;SPECIES_AGGREGATE;Plantae;Tracheophyta;Magnoliopsida;Rosales;Rosaceae;Rosa;;1
Rosa canina;L.;SPECIES;Plantae;Tracheophyta;Magnoliopsida;Rosales;Rosaceae;Rosa;Rosa canina;2
Rosa sherardii;Davies;SPECIES;Plantae;Tracheophyta;Magnoliopsida;Rosales;Rosaceae;Rosa;Rosa sherardii;4
Rosa spinosissima;L.;SPECIES;Plantae;Tracheophyta;Magnoliopsida;Rosales;Rosaceae;Rosa;Rosa spinosissima;4
Roselliniopsis tartaricola;(Linds.) Matzer;SPECIES;Fungi;Ascomycota;Sordariomycetes;Sordariales;;Roselliniopsis;Roselliniopsis tartaricola;1
Rubus boudiccae;A.L. Bull & Edees;MICROSPECIES;Plantae;Tracheophyta;Magnoliopsida;Rosales;Rosaceae;Rubus;;2
Rubus fruticosus agg.;;SPECIES_AGGREGATE;Plantae;Tracheophyta;Magnoliopsida;Rosales;Rosaceae;Rubus;;4
Rubus idaeus;L.;SPECIES;Plantae;Tracheophyta;Magnoliopsida;Rosales;Rosaceae;Rubus;Rubus idaeus;2
Rubus leptothyrsos;G. Braun;MICROSPECIES;Plantae;Tracheophyta;Magnoliopsida;Rosales;Rosaceae;Rubus;;2
Rubus nemoralis;P.J. MÃ¼ll.;MICROSPECIES;Plantae;Tracheophyta;Magnoliopsida;Rosales;Rosaceae;Rubus;;6
Rubus pistoris;W.C. Barton & Ridd.;MICROSPECIES;Plantae;Tracheophyta;Magnoliopsida;Rosales;Rosaceae;Rubus;;4
Rubus polyanthemus;Lindeb.;MICROSPECIES;Plantae;Tracheophyta;Magnoliopsida;Rosales;Rosaceae;Rubus;;2
Rubus spectabilis;Pursh;SPECIES;Plantae;Tracheophyta;Magnoliopsida;Rosales;Rosaceae;Rubus;Rubus spectabilis;2
Rumex acetosa;L.;SPECIES;Plantae;Tracheophyta;Magnoliopsida;Caryophyllales;Polygonaceae;Rumex;Rumex acetosa;6
Rumex acetosella;L.;SPECIES;Plantae;Tracheophyta;Magnoliopsida;Caryophyllales;Polygonaceae;Rumex;Rumex acetosella;5
Sagina procumbens;L.;SPECIES;Plantae;Tracheophyta;Magnoliopsida;Caryophyllales;Caryophyllaceae;Sagina;Sagina procumbens;5
Salix aurita;L.;SPECIES;Plantae;Tracheophyta;Magnoliopsida;Malpighiales;Salicaceae;Salix;Salix aurita;6
Salix cinerea subsp. oleifolia;Macreight;SUBSPECIES;Plantae;Tracheophyta;Magnoliopsida;Malpighiales;Salicaceae;Salix;Salix cinerea;7
Salix cinerea;L.;SPECIES;Plantae;Tracheophyta;Magnoliopsida;Malpighiales;Salicaceae;Salix;Salix cinerea;1
Salmo trutta;Linnaeus, 1758;SPECIES;Animalia;Chordata;Actinopterygii;Salmoniformes;Salmonidae;Salmo;Salmo trutta;1
Sanicula europaea;L.;SPECIES;Plantae;Tracheophyta;Magnoliopsida;Apiales;Apiaceae;Sanicula;Sanicula europaea;2
Schoenus nigricans;L.;SPECIES;Plantae;Tracheophyta;Magnoliopsida;Poales;Cyperaceae;Schoenus;Schoenus nigricans;3
Sciurus vulgaris;Linnaeus, 1758;SPECIES;Animalia;Chordata;Mammalia;Rodentia;Sciuridae;Sciurus;Sciurus vulgaris;3
Scoliciosporum umbrinum;(Ach.) Arnold;SPECIES;Fungi;Ascomycota;Lecanoromycetes;Lecanorales;Scoliciosporaceae;Scoliciosporum;Scoliciosporum umbrinum;1
Scutellaria galericulata;L.;SPECIES;Plantae;Tracheophyta;Magnoliopsida;Lamiales;Lamiaceae;Scutellaria;Scutellaria galericulata;4
Sedum anglicum;Huds.;SPECIES;Plantae;Tracheophyta;Magnoliopsida;Saxifragales;Crassulaceae;Sedum;Sedum anglicum;2
Selaginella selaginoides;(L.) P. Beauv.;SPECIES;Plantae;Tracheophyta;Lycopodiopsida;Selaginellales;Selaginellaceae;Selaginella;Selaginella selaginoides;2
Silene dioica;(L.) Clairv.;SPECIES;Plantae;Tracheophyta;Magnoliopsida;Caryophyllales;Caryophyllaceae;Silene;Silene dioica;4
Solidago virgaurea;L.;SPECIES;Plantae;Tracheophyta;Magnoliopsida;Asterales;Asteraceae;Solidago;Solidago virgaurea;4
Sorbus arranensis;Hedl.;SPECIES;Plantae;Tracheophyta;Magnoliopsida;Rosales;Rosaceae;Sorbus;Sorbus arranensis;17
Sorbus aucuparia;L.;SPECIES;Plantae;Tracheophyta;Magnoliopsida;Rosales;Rosaceae;Sorbus;Sorbus aucuparia;6
Speyeria aglaja;Linnaeus, 1758);SPECIES;Animalia;Arthropoda;Insecta;Lepidoptera;Nymphalidae;Speyeria;Speyeria aglaja;2
Stachys sylvatica;L.;SPECIES;Plantae;Tracheophyta;Magnoliopsida;Lamiales;Lamiaceae;Stachys;Stachys sylvatica;2
Stellaria alsine;Grimm;SPECIES;Plantae;Tracheophyta;Magnoliopsida;Caryophyllales;Caryophyllaceae;Stellaria;Stellaria alsine;2
Stellaria holostea;L.;SPECIES;Plantae;Tracheophyta;Magnoliopsida;Caryophyllales;Caryophyllaceae;Stellaria;Stellaria holostea;2
Stellaria media;(L.) Vill.;SPECIES;Plantae;Tracheophyta;Magnoliopsida;Caryophyllales;Caryophyllaceae;Stellaria;Stellaria media;2
Stereocaulon evolutum;Graewe;SPECIES;Fungi;Ascomycota;Lecanoromycetes;Lecanorales;Stereocaulaceae;Stereocaulon;Stereocaulon evolutum;1
Stereocaulon vesuvianum var. vesuvianum;Pers.;VARIETY;Fungi;Ascomycota;Lecanoromycetes;Lecanorales;Stereocaulaceae;Stereocaulon;Stereocaulon vesuvianum;1
Sturnus vulgaris;Linnaeus, 1758;SPECIES;Animalia;Chordata;Aves;Passeriformes;Sturnidae;Sturnus;Sturnus vulgaris;1
Succisa pratensis;Moench;SPECIES;Plantae;Tracheophyta;Magnoliopsida;Dipsacales;Caprifoliaceae;Succisa;Succisa pratensis;8
Sylvia atricapilla;(Linnaeus, 1758);SPECIES;Animalia;Chordata;Aves;Passeriformes;Sylviidae;Sylvia;Sylvia atricapilla;1
Sympetrum danae;(Sulzer, 1776);SPECIES;Animalia;Arthropoda;Insecta;Odonata;Libellulidae;Sympetrum;Sympetrum danae;4
Sympetrum striolatum;(Charpentier, 1840);SPECIES;Animalia;Arthropoda;Insecta;Odonata;Libellulidae;Sympetrum;Sympetrum striolatum;3
Taraxacum;F.H. Wigg.;GENUS;Plantae;Tracheophyta;Magnoliopsida;Asterales;Asteraceae;Taraxacum;;3
Tephromela atra var. atra;(Huds.) Hafellner;VARIETY;Fungi;Ascomycota;Lecanoromycetes;Lecanorales;Mycoblastaceae;Tephromela;Tephromela atra;1
Teucrium scorodonia;L.;SPECIES;Plantae;Tracheophyta;Magnoliopsida;Lamiales;Lamiaceae;Teucrium;Teucrium scorodonia;4
Thymus polytrichus subsp. britannicus;(Ronniger) KerguÃ©len;SUBSPECIES;Plantae;Tracheophyta;Magnoliopsida;Lamiales;Lamiaceae;Thymus;Thymus polytrichus;3
Trapeliopsis gelatinosa;(FlÃ¶rke) Coppins & P. James;SPECIES;Fungi;Ascomycota;Lecanoromycetes;Baeomycetales;Trapeliaceae;Trapeliopsis;Trapeliopsis gelatinosa;1
Trapeliopsis granulosa;(Hoffm.) Lumbsch;SPECIES;Fungi;Ascomycota;Lecanoromycetes;Baeomycetales;Trapeliaceae;Trapeliopsis;Trapeliopsis granulosa;1
Tremolecia atrata;(Ach.) Hertel;SPECIES;Fungi;Ascomycota;Lecanoromycetes;Hymeneliales;Hymeneliaceae;Tremolecia;Tremolecia atrata;1
Trichophorum caespitosum;(L.) Hartm.;SPECIES_SENSU_LATO;Plantae;Tracheophyta;Magnoliopsida;Poales;Cyperaceae;Trichophorum;;3
Trichophorum germanicum;(Palla) Hegi;SPECIES;Plantae;Tracheophyta;Magnoliopsida;Poales;Cyperaceae;Trichophorum;Trichophorum germanicum;1
Trifolium repens;L.;SPECIES;Plantae;Tracheophyta;Magnoliopsida;Fabales;Fabaceae;Trifolium;Trifolium repens;8
Tringa totanus;(Linnaeus, 1758);SPECIES;Animalia;Chordata;Aves;Charadriiformes;Scolopacidae;Tringa;Tringa totanus;1
Troglodytes troglodytes;(Linnaeus, 1758);SPECIES;Animalia;Chordata;Aves;Passeriformes;Troglodytidae;Troglodytes;Troglodytes troglodytes;3
Turdus merula;Linnaeus, 1758;SPECIES;Animalia;Chordata;Aves;Passeriformes;Turdidae;Turdus;Turdus merula;1
Turdus philomelos;Brehm, CL, 1831;SPECIES;Animalia;Chordata;Aves;Passeriformes;Turdidae;Turdus;Turdus philomelos;2
Tyto alba;(Scopoli, 1769);SPECIES;Animalia;Chordata;Aves;Strigiformes;Tytonidae;Tyto;Tyto alba;1
Ulex europaeus;L.;SPECIES;Plantae;Tracheophyta;Magnoliopsida;Fabales;Fabaceae;Ulex;Ulex europaeus;6
Umbilicus rupestris;(Salisb.) Dandy;SPECIES;Plantae;Tracheophyta;Magnoliopsida;Saxifragales;Crassulaceae;Umbilicus;Umbilicus rupestris;2
Urtica dioica;L.;SPECIES;Plantae;Tracheophyta;Magnoliopsida;Rosales;Urticaceae;Urtica;Urtica dioica;5
Usnea subfloridana;Stirt.;SPECIES;Fungi;Ascomycota;Lecanoromycetes;Lecanorales;Parmeliaceae;Usnea;Usnea subfloridana;1
Vaccinium myrtillus;L.;SPECIES;Plantae;Tracheophyta;Magnoliopsida;Ericales;Ericaceae;Vaccinium;Vaccinium myrtillus;8
Valeriana officinalis;L.;SPECIES;Plantae;Tracheophyta;Magnoliopsida;Dipsacales;Caprifoliaceae;Valeriana;Valeriana officinalis;2
Veronica chamaedrys;L.;SPECIES;Plantae;Tracheophyta;Magnoliopsida;Lamiales;Plantaginaceae;Veronica;Veronica chamaedrys;3
Veronica officinalis;L.;SPECIES;Plantae;Tracheophyta;Magnoliopsida;Lamiales;Plantaginaceae;Veronica;Veronica officinalis;6
Veronica serpyllifolia;L.;SPECIES;Plantae;Tracheophyta;Magnoliopsida;Lamiales;Plantaginaceae;Veronica;Veronica serpyllifolia;3
Vicia sepium;L.;SPECIES;Plantae;Tracheophyta;Magnoliopsida;Fabales;Fabaceae;Vicia;Vicia sepium;2
Viola palustris;L.;SPECIES;Plantae;Tracheophyta;Magnoliopsida;Malpighiales;Violaceae;Viola;Viola palustris;6
Viola riviniana;Rchb.;SPECIES;Plantae;Tracheophyta;Magnoliopsida;Malpighiales;Violaceae;Viola;Viola riviniana;6
Xanthoparmelia conspersa;(Ehrh. ex Ach.) Hale;SPECIES;Fungi;Ascomycota;Lecanoromycetes;Lecanorales;Parmeliaceae;Xanthoparmelia;Xanthoparmelia conspersa;1
Xanthoria parietina;(L.) Th. Fr.;SPECIES;Fungi;Ascomycota;Lecanoromycetes;Teloschistales;Teloschistaceae;Xanthoria;Xanthoria parietina;1
Xanthoria ucrainica;S.Y. Kondr.;SPECIES;Fungi;Ascomycota;Lecanoromycetes;Teloschistales;Teloschistaceae;Xanthoria;Xanthoria ucrainica;1
